-- phpMyAdmin SQL Dump
-- version 4.8.5
-- https://www.phpmyadmin.net/
--
-- Host: 127.0.0.1
-- Generation Time: Jun 02, 2019 at 10:11 AM
-- Server version: 10.1.38-MariaDB
-- PHP Version: 5.6.40

SET SQL_MODE = "NO_AUTO_VALUE_ON_ZERO";
SET AUTOCOMMIT = 0;
START TRANSACTION;
SET time_zone = "+00:00";


/*!40101 SET @OLD_CHARACTER_SET_CLIENT=@@CHARACTER_SET_CLIENT */;
/*!40101 SET @OLD_CHARACTER_SET_RESULTS=@@CHARACTER_SET_RESULTS */;
/*!40101 SET @OLD_COLLATION_CONNECTION=@@COLLATION_CONNECTION */;
/*!40101 SET NAMES utf8mb4 */;

--
-- Database: `leather-shop`
--

-- --------------------------------------------------------

--
-- Table structure for table `tbl_admin`
--

CREATE TABLE `tbl_admin` (
  `admin_id` int(11) NOT NULL,
  `admin_user` varchar(20) NOT NULL,
  `admin_pass` varchar(20) NOT NULL,
  `admin_name` varchar(100) NOT NULL,
  `admin_address` varchar(100) NOT NULL,
  `admin_tel` varchar(10) NOT NULL,
  `admin_email` varchar(100) NOT NULL,
  `status` varchar(10) NOT NULL,
  `date_save` timestamp NOT NULL DEFAULT CURRENT_TIMESTAMP ON UPDATE CURRENT_TIMESTAMP
) ENGINE=MyISAM DEFAULT CHARSET=utf8;

--
-- Dumping data for table `tbl_admin`
--

INSERT INTO `tbl_admin` (`admin_id`, `admin_user`, `admin_pass`, `admin_name`, `admin_address`, `admin_tel`, `admin_email`, `status`, `date_save`) VALUES
(1, '1', '1', 'ผู้ดูแลระบบ', 'test add', '0123456789', 'e-mail@admin.com', 'admin', '2017-08-29 17:00:00'),
(2, '2', '2', 'พนักงาน', 'test staff', '0123456789', 'e-mail@staff.com', 'staff', '2018-01-24 17:00:00'),
(10, '3', '3', 'ผู้บริหาร', 'test staff', '0222222222', '23superadmin@superadmin.com', 'superadmin', '2018-10-19 17:00:00'),
(18, 'root', '123123123', 'หกดกหด', 'หกดหกด', '0222222222', '23supedfn@superadmin.com', 'ex', '2018-11-27 13:22:11'),
(17, 'rootrdfg', '123123123', 'sdfsdfsa', 'asdasd', '0222222222', '23ssdfn@superadmin.com', 'ex', '2018-11-27 12:22:47'),
(19, 'asdad', '123123123', 'asdasd', 'asdasd', '0222222222', '23superadssmin@superyyadmin.com', 'ex', '2018-11-26 17:39:12'),
(20, 'sucha', '123456789', 'สุชา ชาติ', '1600 ถ.เพชรบุรีตัดใหม่\r\nแขวงมักกะสัน\r\nเขตราชเทวี\r\nกรุงเทพฯ\r\n10400', '0896454231', 'sucha@hotmail.com', 'admin', '2018-12-02 07:38:35'),
(21, 'thai', '123456789', 'ไทย สะสม', '1600 ถ.เพชรบุรีตัดใหม่\r\nแขวงมักกะสัน\r\nเขตราชเทวี\r\nกรุงเทพฯ\r\n10401', '0864546216', 'thai@hotmail.com', 'admin', '2018-12-02 07:41:19'),
(22, 'stam', '123456789', 'แสตม นาม', '1600 ถ.เพชรบุรีตัดใหม่\r\nแขวงมักกะสัน\r\nเขตราชเทวี\r\nกรุงเทพฯ\r\n10400', '0836324154', 'stam@hotmail.com', 'admin', '2018-12-02 07:49:04'),
(23, 'fam', '123456789', 'แฟม ชาติ', '1600 ถ.เพชรบุรีตัดใหม่\r\nแขวงมักกะสัน\r\nเขตราชเทวี\r\nกรุงเทพฯ\r\n10400', '0985465451', 'fam@hotmail.com', 'admin', '2018-12-02 07:53:12'),
(24, 'top', '123456789', 'ท็อป นาม', 'ซอยลาดพร้าว 110 ถนนลาดพร้าว\r\n\r\nแขวงคลองจั่น เขตบางกะปิ\r\n\r\nกรุงเทพมหานคร\r\n\r\n10240', '0916548668', 'top@hotmail.com', 'staff', '2018-12-02 07:59:15'),
(25, 'namsai', '123456789', 'น้ำ ใส', 'ซอยลาดพร้าว 110 ถนนลาดพร้าว\r\n\r\nแขวงคลองจั่น เขตบางกะปิ\r\n\r\nกรุงเทพมหานคร\r\n\r\n10240', '0864321345', 'nam@hotmail.com', 'staff', '2018-12-02 08:03:39'),
(26, 'sai', '123456789', 'ไทร สา', 'ซอยลาดพร้าว 110 ถนนลาดพร้าว\r\n\r\nแขวงคลองจั่น เขตบางกะปิ\r\n\r\nกรุงเทพมหานคร\r\n\r\n10240', '0816645889', 'sai@hotmail.com', 'staff', '2018-12-02 08:05:39'),
(27, 'pun', '123456789', 'ปัญ ติยะ', 'ซอยลาดพร้าว 110 ถนนลาดพร้าว\r\n\r\nแขวงคลองจั่น เขตบางกะปิ\r\n\r\nกรุงเทพมหานคร\r\n\r\n10240', '0816465789', 'pun@hotmail.com', 'staff', '2018-12-02 08:14:52'),
(28, 'orn', '123456789', 'อร เจีย', 'ซอยลาดพร้าว 110 ถนนลาดพร้าว\r\n\r\nแขวงคลองจั่น เขตบางกะปิ\r\n\r\nกรุงเทพมหานคร\r\n\r\n10240', '0841645478', 'orn@hotmail.com', 'staff', '2018-12-02 08:14:55'),
(29, 'noey', '123456789', 'เนย วัชรทัศ', 'ซอยลาดพร้าว 110 ถนนลาดพร้าว\r\n\r\nแขวงคลองจั่น เขตบางกะปิ\r\n\r\nกรุงเทพมหานคร\r\n\r\n10240', '0816454897', 'noey@hotmail.com', 'superadmin', '2018-12-02 08:31:18'),
(30, 'music', '123456789', 'มิวสิก สุธรรม', 'ซอยลาดพร้าว 110 ถนนลาดพร้าว\r\n\r\nแขวงคลองจั่น เขตบางกะปิ\r\n\r\nกรุงเทพมหานคร\r\n\r\n10240', '0816545648', 'music@hotmail.com', 'superadmin', '2018-12-02 08:36:25'),
(31, 'kaew', '123456789', 'แก้ว วรรณ', 'ซอยลาดพร้าว 110 ถนนลาดพร้าว\r\n\r\nแขวงคลองจั่น เขตบางกะปิ\r\n\r\nกรุงเทพมหานคร\r\n\r\n10240', '0914567894', 'kaew@hotmail.com', 'superadmin', '2018-12-02 08:38:59'),
(32, 'pu', '123456789', 'ปู จิรดา', 'ซอยลาดพร้าว 110 ถนนลาดพร้าว\r\n\r\nแขวงคลองจั่น เขตบางกะปิ\r\n\r\nกรุงเทพมหานคร\r\n\r\n10240', '0915467895', 'pu@hotmail.com', 'superadmin', '2018-12-02 08:41:25'),
(33, 'jane', '123456789', 'เจน', 'ซอยลาดพร้าว 110 ถนนลาดพร้าว\r\n\r\nแขวงคลองจั่น เขตบางกะปิ\r\n\r\nกรุงเทพมหานคร\r\n\r\n10240', '0915468798', 'jane@hotmail.com', 'superadmin', '2018-12-02 08:43:03'),
(34, 'ad', 'ad123456', 'asda', 'asd', '2131231312', '12dd@ff.cc', 'staff', '2019-05-01 04:58:37');

-- --------------------------------------------------------

--
-- Table structure for table `tbl_bank`
--

CREATE TABLE `tbl_bank` (
  `b_id` int(11) NOT NULL,
  `b_number` varchar(50) NOT NULL,
  `b_name` varchar(50) NOT NULL,
  `b_type` varchar(50) NOT NULL,
  `b_owner` varchar(50) NOT NULL,
  `bn_name` varchar(50) NOT NULL,
  `b_logo` varchar(100) NOT NULL
) ENGINE=InnoDB DEFAULT CHARSET=utf8;

--
-- Dumping data for table `tbl_bank`
--

INSERT INTO `tbl_bank` (`b_id`, `b_number`, `b_name`, `b_type`, `b_owner`, `bn_name`, `b_logo`) VALUES
(2, '3653032132', 'กรุงไทย', 'ออมทรัพ', 'สมชาย ใจดี', 'พระสมุทรเจดีย์', 'imgb87159464020180819_000254.jpg'),
(3, '5431535463', 'กสิกรไทย', 'ออมทรัพย์', 'มงคล ศรีสุข', 'พระสมุทรเจดีย์', 'imgb197504342620180818_223441.png'),
(4, '4453543233', 'ไทยพาณิชย์', 'ออมทรัพย์', 'สมบูรณ์ มั่งมี', 'พระสมุทรเจดีย์', 'imgb133828463220180818_223607.jpg');

-- --------------------------------------------------------

--
-- Table structure for table `tbl_member`
--

CREATE TABLE `tbl_member` (
  `mem_id` int(11) NOT NULL,
  `mem_fname` varchar(50) NOT NULL,
  `mem_lname` varchar(50) NOT NULL,
  `numna` varchar(11) NOT NULL,
  `mem_address` varchar(255) NOT NULL,
  `mem_tel` varchar(10) NOT NULL,
  `mem_username` varchar(20) NOT NULL,
  `mem_password` varchar(20) NOT NULL,
  `mem_email` varchar(20) NOT NULL,
  `status` varchar(5) NOT NULL,
  `sid` varchar(32) NOT NULL,
  `active` varchar(3) NOT NULL,
  `dateinsert` timestamp NOT NULL DEFAULT CURRENT_TIMESTAMP ON UPDATE CURRENT_TIMESTAMP
) ENGINE=InnoDB DEFAULT CHARSET=utf8;

--
-- Dumping data for table `tbl_member`
--

INSERT INTO `tbl_member` (`mem_id`, `mem_fname`, `mem_lname`, `numna`, `mem_address`, `mem_tel`, `mem_username`, `mem_password`, `mem_email`, `status`, `sid`, `active`, `dateinsert`) VALUES
(14, 'เบญจรงคกุล', '', '', '256/344 หมู่ 4 ถนนรามคำแหง ตำบลคลองกุ่ม อำเภอบึงกุ่ม กรุงเทพมหานคร 12400', '0902020202', 'ben', '123456789', '23.noop@gmail.com', 'user', 'u3ia1e8d7ddbmcpqt7b0uq2tr0', 'yes', '2019-06-02 04:41:58'),
(15, 'วงศ์กุศลกิจ', '', '', ' ถ.เพชรบุรีตัดใหม่ แขวงมักกะสัน เขตราชเทวี กรุงเทพฯ 10400', '0902020202', 'vo', '123456789', '23.noop@gmail.com', 'user', 'u3ia1e8d7ddbmcpqt7b0uq2tr0', 'yes', '2018-11-01 17:11:15'),
(17, 'มาลี', '', '', 'บ้านสังแก  ตำบลสะเดา  อำเภอบัวเชด  จังหวัดสุรินทร์  32230', '0915678456', 'ma', '123456789', '23.noop@gmail.com', 'user', '3vravt2ad0rg6g0j4tmfbsll86', 'yes', '2018-11-27 14:52:32'),
(19, 'มาลี นาชา', '', '', '39/161', '0816664891', 'mare', '123456', 'mare@gmail.com', 'ex', 'essr89qqurv4g1q95pd7ihj286', 'yes', '2018-11-27 14:04:42'),
(20, 'มิน ศรีละเลิง', '', '', '42 หมู่ 1 บ้านสังแก\r\n\r\nตำบลสะเดา\r\n\r\nอำเภอบัวเชด\r\n\r\nจังหวัดสุรินทร์\r\n\r\n32230', '0914567897', 'min', '123456789', 'min@hotmail.com', 'user', 'hj6fl5eugvturmkoscqqd2o1m3', 'yes', '2018-12-02 10:56:59'),
(21, 'ก่อน สิริ', '', '', '42 หมู่ 1 บ้านสังแก\r\n\r\nตำบลสะเดา\r\n\r\nอำเภอบัวเชด\r\n\r\nจังหวัดสุรินทร์\r\n\r\n32230', '0914567986', 'korn', '123456789', 'korn@hotmail.com', 'user', 'hj6fl5eugvturmkoscqqd2o1m3', 'yes', '2018-12-02 10:57:11'),
(22, 'มิโอ โอ', '', '', '42 หมู่ 1 บ้านสังแก\r\n\r\nตำบลสะเดา\r\n\r\nอำเภอบัวเชด\r\n\r\nจังหวัดสุรินทร์\r\n\r\n32230', '0915478919', 'mio', '123456789', 'mio@hotmail.com', 'user', '9ef0e90pq15qj5jhskhas0jl24', 'yes', '2018-12-02 10:57:18'),
(23, 'จ๋า ณปภัช', '', '', '42 หมู่ 1 บ้านสังแก\r\n\r\nตำบลสะเดา\r\n\r\nอำเภอบัวเชด\r\n\r\nจังหวัดสุรินทร์\r\n\r\n32230', '0914687984', 'jaa', '123456789', 'jaa@hotmail.com', 'user', '9ef0e90pq15qj5jhskhas0jl24', 'yes', '2018-12-02 10:57:25'),
(24, 'นิ้ง มนัญญา', '', '', '42 หมู่ 1 บ้านสังแก\r\n\r\nตำบลสะเดา\r\n\r\nอำเภอบัวเชด\r\n\r\nจังหวัดสุรินทร์\r\n\r\n32230', '0915489901', 'nink', '123456789', 'nink@hotmail.com', 'user', '9ef0e90pq15qj5jhskhas0jl24', 'yes', '2018-12-02 10:57:33'),
(25, 'เปรียม รินรดา', '', '', '42 หมู่ 1 บ้านสังแก\r\n\r\nตำบลสะเดา\r\n\r\nอำเภอบัวเชด\r\n\r\nจังหวัดสุรินทร์\r\n\r\n32230', '0914897400', 'piam', '12345679', 'piam@hotmail.com', 'user', '9ef0e90pq15qj5jhskhas0jl24', 'yes', '2018-12-02 10:57:37'),
(26, 'จิ๊บ สุชญา', '', '', '42 หมู่ 1 บ้านสังแก\r\n\r\nตำบลสะเดา\r\n\r\nอำเภอบัวเชด\r\n\r\nจังหวัดสุรินทร์\r\n\r\n32230', '0914789158', 'jib', '123456789', 'jib@hotmail.com', 'user', '9ef0e90pq15qj5jhskhas0jl24', 'yes', '2018-12-02 10:57:49'),
(27, 'ฟ้อน ณัฐทิชา ', '', '', '42 หมู่ 1 บ้านสังแก\r\n\r\nตำบลสะเดา\r\n\r\nอำเภอบัวเชด\r\n\r\nจังหวัดสุรินทร์\r\n\r\n32230', '0912894898', 'fond', '12345679', 'fond@hotmail.com', 'user', '9ef0e90pq15qj5jhskhas0jl24', 'yes', '2018-12-02 10:57:53'),
(28, 'จูน เพลิน', '', '', '42 หมู่ 1 บ้านสังแก\r\n\r\nตำบลสะเดา\r\n\r\nอำเภอบัวเชด\r\n\r\nจังหวัดสุรินทร์\r\n\r\n32230', '0915648900', 'june', '123456789', 'june@hotmail.com', 'user', '9ef0e90pq15qj5jhskhas0jl24', 'no', '2018-12-02 09:29:04'),
(29, 'ร ตา', '', '', '42 หมู่ 1 บ้านสังแก\r\n\r\nตำบลสะเดา\r\n\r\nอำเภอบัวเชด\r\n\r\nจังหวัดสุรินทร์\r\n\r\n32230', '0815891441', 'ra', '123456789', 'ra@hotmail.com', 'user', '9ef0e90pq15qj5jhskhas0jl24', 'no', '2018-12-02 09:34:45'),
(30, 'วี รยา', '', '', '42 หมู่ 1 บ้านสังแก\r\n\r\nตำบลสะเดา\r\n\r\nอำเภอบัวเชด\r\n\r\nจังหวัดสุรินทร์\r\n\r\n32230', '0818965456', 'wee', '123456789', 'wee@hotmail.com', 'user', '9ef0e90pq15qj5jhskhas0jl24', 'no', '2018-12-02 09:41:52'),
(31, 'นิว นุ่ม', '', '', '42 หมู่ 1 บ้านสังแก\r\n\r\nตำบลสะเดา\r\n\r\nอำเภอบัวเชด\r\n\r\nจังหวัดสุรินทร์\r\n\r\n32230', '0816849819', 'new', '123456789', 'new@hotmail.com', 'user', '9ef0e90pq15qj5jhskhas0jl24', 'yes', '2018-12-02 10:57:58'),
(32, 'แบม ตัน', '', '', '42 หมู่ 1 บ้านสังแก\r\n\r\nตำบลสะเดา\r\n\r\nอำเภอบัวเชด\r\n\r\nจังหวัดสุรินทร์\r\n\r\n32230', '0915658470', 'bam', '123456789', 'bam@hotmail.com', 'user', '9ef0e90pq15qj5jhskhas0jl24', 'yes', '2018-12-02 10:58:02'),
(33, 'เค้ก นวพร', '', '', '42 หมู่ 1 บ้านสังแก\r\n\r\nตำบลสะเดา\r\n\r\nอำเภอบัวเชด\r\n\r\nจังหวัดสุรินทร์\r\n\r\n32230', '0819056051', 'cake', '123456789', 'cake@hotmail.com', 'user', '9ef0e90pq15qj5jhskhas0jl24', 'yes', '2018-12-02 10:58:08'),
(34, 'จี้ พิมพ์', '', '', '42 หมู่ 1 บ้านสังแก\r\n\r\nตำบลสะเดา\r\n\r\nอำเภอบัวเชด\r\n\r\nจังหวัดสุรินทร์\r\n\r\n32230', '0812608919', 'gee', '123456789', 'gee@hotmail.com', 'user', '9ef0e90pq15qj5jhskhas0jl24', 'yes', '2018-12-02 10:58:13'),
(35, 'แพน จิดา', '', '', '42 หมู่ 1 บ้านสังแก\r\n\r\nตำบลสะเดา\r\n\r\nอำเภอบัวเชด\r\n\r\nจังหวัดสุรินทร์\r\n\r\n32230', '0910684066', 'pan', '123456789', 'pan@hotmail.com', 'user', '9ef0e90pq15qj5jhskhas0jl24', 'yes', '2018-12-02 10:58:16'),
(36, 'ทดส', 'สก', 'นาง', 'กดกดห', '0090909009', 'user', 'Aa123456', '23hgg@gmail.com', 'user', 'v5evno731s60nq6ghlvqnp5vum', 'no', '2019-06-02 08:10:37');

-- --------------------------------------------------------

--
-- Table structure for table `tbl_order`
--

CREATE TABLE `tbl_order` (
  `order_id` int(6) UNSIGNED ZEROFILL NOT NULL,
  `mem_id` int(11) NOT NULL,
  `name` varchar(100) NOT NULL,
  `address` varchar(500) NOT NULL,
  `email` varchar(100) NOT NULL,
  `phone` varchar(10) NOT NULL,
  `order_status` int(1) NOT NULL,
  `pay_slip` varchar(200) DEFAULT NULL,
  `b_name` varchar(100) DEFAULT NULL,
  `b_number` varchar(200) DEFAULT NULL,
  `pay_date` date DEFAULT NULL,
  `pay_amount` float(10,2) DEFAULT NULL,
  `postcode` varchar(30) DEFAULT NULL,
  `order_date` timestamp NOT NULL DEFAULT CURRENT_TIMESTAMP ON UPDATE CURRENT_TIMESTAMP
) ENGINE=InnoDB DEFAULT CHARSET=utf8;

--
-- Dumping data for table `tbl_order`
--

INSERT INTO `tbl_order` (`order_id`, `mem_id`, `name`, `address`, `email`, `phone`, `order_status`, `pay_slip`, `b_name`, `b_number`, `pay_date`, `pay_amount`, `postcode`, `order_date`) VALUES
(000012, 15, 'วงศ์กุศลกิจ', ' ถ.เพชรบุรีตัดใหม่ แขวงมักกะสัน เขตราชเทวี กรุงเทพฯ 10400', '23.noop@gmail.com', '0902020202', 3, '91940817020181122_121624.jpg', 'กสิกรไทย', '5431535463', '2018-11-22', 42728.00, 'ED552656215TH', '2018-11-21 17:00:00'),
(000013, 15, 'วงศ์กุศลกิจ', ' ถ.เพชรบุรีตัดใหม่ แขวงมักกะสัน เขตราชเทวี กรุงเทพฯ 10400', '23.noop@gmail.com', '0902020202', 3, '93123818920181122_123326.jpg', 'กสิกรไทย', '5431535463', '2018-11-22', 49486.00, 'ED785496854TH', '2018-11-21 17:00:00'),
(000014, 18, 'สมชาย กิตติกันยาปัด', '97/44 ถ.บางใหญ่ อ.บางกระดี่ แขวง บางคอหลาม 10140', 'junpha01@gmail.com', '0845974828', 3, '47116913320181122_124540.jpg', 'ไทยพาณิชย์', '4453543233', '2018-11-22', 45889.00, 'ED487459154TH', '2018-11-21 17:00:00'),
(000015, 18, 'สมชาย กิตติกันยาปัด', '97/44 ถ.บางใหญ่ อ.บางกระดี่ แขวง บางคอหลาม 10140', 'junpha01@gmail.com', '0845974828', 3, '22441858420181118_125600.jpg', 'ไทยพาณิชย์', '4453543233', '2018-11-11', 128020.50, 'ED456847594TH', '2018-11-17 17:00:00'),
(000016, 16, 'มหากิจศิริ', 'ซอยลาดพร้าว 110 ถนนลาดพร้าว  แขวงคลองจั่น เขตบางกะปิ  กรุงเทพมหานคร  10240', '23.noop@gmail.com', '0902020202', 4, '63084820820181118_130536.jpg', 'กรุงไทย', '3653032132', '2018-11-18', 40384.50, 'ED777444888TH', '2018-12-02 13:53:14'),
(000017, 16, 'มหากิจศิริ', 'ซอยลาดพร้าว 110 ถนนลาดพร้าว  แขวงคลองจั่น เขตบางกะปิ  กรุงเทพมหานคร  10240', '23.noop@gmail.com', '0902020202', 4, '184297978320181013_130837.jpg', 'ไทยพาณิชย์', '4453543233', '2018-10-13', 46597.50, 'ED789487548TH', '2018-12-02 13:53:10'),
(000018, 16, 'มหากิจศิริ', 'ซอยลาดพร้าว 110 ถนนลาดพร้าว  แขวงคลองจั่น เขตบางกะปิ  กรุงเทพมหานคร  10240', '23.noop@gmail.com', '0902020202', 4, '', '', '', '0000-00-00', 0.00, '', '2018-10-12 17:00:00'),
(000019, 20, 'มิน ศรีละเลิง', '42 หมู่ 1 บ้านสังแก\r\n\r\nตำบลสะเดา\r\n\r\nอำเภอบัวเชด\r\n\r\nจังหวัดสุรินทร์\r\n\r\n32230', 'min@hotmail.com', '0914567897', 4, '', '', '', '0000-00-00', 0.00, '', '2019-05-01 04:39:39'),
(000020, 20, 'มิน ศรีละเลิง', '42 หมู่ 1 บ้านสังแก\r\n\r\nตำบลสะเดา\r\n\r\nอำเภอบัวเชด\r\n\r\nจังหวัดสุรินทร์\r\n\r\n32230', 'min@hotmail.com', '0914567897', 2, '90246787420181202_201436.jpg', 'กสิกรไทย', '5431535463', '2018-12-02', 5940.50, '', '2018-12-02 13:14:36'),
(000021, 20, 'มิน ศรีละเลิง', '42 หมู่ 1 บ้านสังแก\r\n\r\nตำบลสะเดา\r\n\r\nอำเภอบัวเชด\r\n\r\nจังหวัดสุรินทร์\r\n\r\n32230', 'min@hotmail.com', '0914567897', 2, '16166698020181202_201530.jpg', 'ไทยพาณิชย์', '4453543233', '2018-12-02', 16350.00, '', '2018-12-02 13:15:30'),
(000022, 21, 'ก่อน สิริ', '42 หมู่ 1 บ้านสังแก\r\n\r\nตำบลสะเดา\r\n\r\nอำเภอบัวเชด\r\n\r\nจังหวัดสุรินทร์\r\n\r\n32230', 'korn@hotmail.com', '0914567986', 2, '135149371620181202_201625.jpg', 'กสิกรไทย', '5431535463', '2018-12-02', 12262.50, '', '2018-12-02 13:16:25'),
(000023, 22, 'มิโอ โอ', '42 หมู่ 1 บ้านสังแก\r\n\r\nตำบลสะเดา\r\n\r\nอำเภอบัวเชด\r\n\r\nจังหวัดสุรินทร์\r\n\r\n32230', 'mio@hotmail.com', '0915478919', 2, '125256348020181202_202342.jpg', 'กสิกรไทย', '5431535463', '2018-12-02', 10791.00, '', '2018-12-02 13:23:42'),
(000024, 22, 'มิโอ โอ', '42 หมู่ 1 บ้านสังแก\r\n\r\nตำบลสะเดา\r\n\r\nอำเภอบัวเชด\r\n\r\nจังหวัดสุรินทร์\r\n\r\n32230', 'mio@hotmail.com', '0915478919', 2, '31980377720181202_202441.jpg', 'ไทยพาณิชย์', '4453543233', '2018-12-02', 16731.50, '', '2018-12-02 13:24:41'),
(000025, 23, 'จ๋า ณปภัช', '42 หมู่ 1 บ้านสังแก\r\n\r\nตำบลสะเดา\r\n\r\nอำเภอบัวเชด\r\n\r\nจังหวัดสุรินทร์\r\n\r\n32230', 'jaa@hotmail.com', '0914687984', 2, '70641664720181202_203459.jpg', 'กสิกรไทย', '5431535463', '2018-12-02', 5068.50, '', '2018-12-02 13:34:59'),
(000026, 24, 'นิ้ง มนัญญา', '42 หมู่ 1 บ้านสังแก\r\n\r\nตำบลสะเดา\r\n\r\nอำเภอบัวเชด\r\n\r\nจังหวัดสุรินทร์\r\n\r\n32230', 'nink@hotmail.com', '0915489901', 2, '148958986720181202_203600.jpg', 'กสิกรไทย', '5431535463', '2018-12-02', 6049.50, '', '2018-12-02 13:36:00'),
(000027, 25, 'เปรียม รินรดา', '42 หมู่ 1 บ้านสังแก\r\n\r\nตำบลสะเดา\r\n\r\nอำเภอบัวเชด\r\n\r\nจังหวัดสุรินทร์\r\n\r\n32230', 'piam@hotmail.com', '0914897400', 3, '99188976220181202_203720.jpg', 'ไทยพาณิชย์', '4453543233', '2018-12-02', 10900.00, 'ED785496854TH', '2018-12-02 13:55:01'),
(000028, 25, 'เปรียม รินรดา', '42 หมู่ 1 บ้านสังแก\r\n\r\nตำบลสะเดา\r\n\r\nอำเภอบัวเชด\r\n\r\nจังหวัดสุรินทร์\r\n\r\n32230', 'piam@hotmail.com', '0914897400', 4, '', '', '', '0000-00-00', 0.00, '', '2018-12-02 13:38:10'),
(000029, 26, 'จิ๊บ สุชญา', '42 หมู่ 1 บ้านสังแก\r\n\r\nตำบลสะเดา\r\n\r\nอำเภอบัวเชด\r\n\r\nจังหวัดสุรินทร์\r\n\r\n32230', 'jib@hotmail.com', '0914789158', 2, '113326471620181202_203900.jpg', 'กสิกรไทย', '5431535463', '2018-12-02', 10900.00, '', '2018-12-02 13:39:00'),
(000030, 27, 'ฟ้อน ณัฐทิชา ', '42 หมู่ 1 บ้านสังแก\r\n\r\nตำบลสะเดา\r\n\r\nอำเภอบัวเชด\r\n\r\nจังหวัดสุรินทร์\r\n\r\n32230', 'fond@hotmail.com', '0912894898', 2, '116964247120181202_204010.jpg', 'กสิกรไทย', '5431535463', '2018-12-02', 9919.00, '', '2018-12-02 13:40:10'),
(000031, 27, 'ฟ้อน ณัฐทิชา ', '42 หมู่ 1 บ้านสังแก\r\n\r\nตำบลสะเดา\r\n\r\nอำเภอบัวเชด\r\n\r\nจังหวัดสุรินทร์\r\n\r\n32230', 'fond@hotmail.com', '0912894898', 3, '169744664820181202_204106.jpg', 'ไทยพาณิชย์', '4453543233', '2018-12-02', 8829.00, 'ED785496854TH', '2018-12-02 13:54:52'),
(000032, 31, 'นิว นุ่ม', '42 หมู่ 1 บ้านสังแก\r\n\r\nตำบลสะเดา\r\n\r\nอำเภอบัวเชด\r\n\r\nจังหวัดสุรินทร์\r\n\r\n32230', 'new@hotmail.com', '0816849819', 3, '55452414220181202_204207.jpg', 'ไทยพาณิชย์', '4453543233', '2018-12-02', 10900.00, 'TH32185554666', '2019-05-01 05:00:54'),
(000033, 31, 'นิว นุ่ม', '42 หมู่ 1 บ้านสังแก\r\n\r\nตำบลสะเดา\r\n\r\nอำเภอบัวเชด\r\n\r\nจังหวัดสุรินทร์\r\n\r\n32230', 'new@hotmail.com', '0816849819', 3, '167339843620181202_204300.jpg', 'กสิกรไทย', '5431535463', '2018-12-02', 11499.50, 'ED785496854TH', '2018-12-02 13:54:03'),
(000034, 31, 'นิว นุ่ม', '42 หมู่ 1 บ้านสังแก\r\n\r\nตำบลสะเดา\r\n\r\nอำเภอบัวเชด\r\n\r\nจังหวัดสุรินทร์\r\n\r\n32230', 'new@hotmail.com', '0816849819', 4, '', '', '', '0000-00-00', 0.00, '', '2019-05-01 04:39:39'),
(000035, 32, 'แบม ตัน', '42 หมู่ 1 บ้านสังแก\r\n\r\nตำบลสะเดา\r\n\r\nอำเภอบัวเชด\r\n\r\nจังหวัดสุรินทร์\r\n\r\n32230', 'bam@hotmail.com', '0915658470', 3, '103187749720181202_204424.jpg', 'ไทยพาณิชย์', '4453543233', '2018-12-02', 6049.50, 'ED785496854TH', '2018-12-02 13:53:56'),
(000036, 32, 'แบม ตัน', '42 หมู่ 1 บ้านสังแก\r\n\r\nตำบลสะเดา\r\n\r\nอำเภอบัวเชด\r\n\r\nจังหวัดสุรินทร์\r\n\r\n32230', 'bam@hotmail.com', '0915658470', 3, '7625340420181202_204515.jpg', 'กสิกรไทย', '5431535463', '2018-12-02', 15369.00, 'TH32185554666', '2019-05-01 05:00:31'),
(000037, 32, 'แบม ตัน', '42 หมู่ 1 บ้านสังแก\r\n\r\nตำบลสะเดา\r\n\r\nอำเภอบัวเชด\r\n\r\nจังหวัดสุรินทร์\r\n\r\n32230', 'bam@hotmail.com', '0915658470', 4, '134874106720181202_204559.jpg', 'ไทยพาณิชย์', '4453543233', '2018-12-02', 10682.00, '', '2018-12-02 13:55:15'),
(000038, 32, 'แบม ตัน', '42 หมู่ 1 บ้านสังแก\r\n\r\nตำบลสะเดา\r\n\r\nอำเภอบัวเชด\r\n\r\nจังหวัดสุรินทร์\r\n\r\n32230', 'bam@hotmail.com', '0915658470', 4, '', '', '', '0000-00-00', 0.00, '', '2019-05-01 04:39:39'),
(000039, 33, 'เค้ก นวพร', '42 หมู่ 1 บ้านสังแก\r\n\r\nตำบลสะเดา\r\n\r\nอำเภอบัวเชด\r\n\r\nจังหวัดสุรินทร์\r\n\r\n32230', 'cake@hotmail.com', '0819056051', 3, '64182966120181202_204754.jpg', 'ไทยพาณิชย์', '4453543233', '2018-12-02', 10028.00, 'ED785496854TH', '2018-12-02 13:54:10'),
(000040, 33, 'เค้ก นวพร', '42 หมู่ 1 บ้านสังแก\r\n\r\nตำบลสะเดา\r\n\r\nอำเภอบัวเชด\r\n\r\nจังหวัดสุรินทร์\r\n\r\n32230', 'cake@hotmail.com', '0819056051', 3, '145695244020181202_204834.jpg', 'กสิกรไทย', '5431535463', '2018-12-02', 10791.00, 'ED785496854TH', '2018-12-02 13:53:50'),
(000041, 34, 'จี้ พิมพ์', '42 หมู่ 1 บ้านสังแก\r\n\r\nตำบลสะเดา\r\n\r\nอำเภอบัวเชด\r\n\r\nจังหวัดสุรินทร์\r\n\r\n32230', 'gee@hotmail.com', '0812608919', 3, '131043527020181202_205000.jpg', 'กสิกรไทย', '5431535463', '2018-12-02', 8938.00, 'ED785496854TH', '2018-12-02 13:53:44'),
(000042, 35, 'แพน จิดา', '42 หมู่ 1 บ้านสังแก\r\n\r\nตำบลสะเดา\r\n\r\nอำเภอบัวเชด\r\n\r\nจังหวัดสุรินทร์\r\n\r\n32230', 'pan@hotmail.com', '0910684066', 3, '29199320120181202_205105.jpg', 'ไทยพาณิชย์', '4453543233', '2018-12-02', 11608.50, 'ED785496854TH', '2018-12-02 13:53:38'),
(000043, 35, 'แพน จิดา', '42 หมู่ 1 บ้านสังแก\r\n\r\nตำบลสะเดา\r\n\r\nอำเภอบัวเชด\r\n\r\nจังหวัดสุรินทร์\r\n\r\n32230', 'pan@hotmail.com', '0910684066', 3, '81323661320181202_205147.jpg', 'ไทยพาณิชย์', '4453543233', '2018-12-02', 18911.50, 'ED785496854TH', '2018-12-02 13:53:29'),
(000044, 15, 'วงศ์กุศลกิจ', ' ถ.เพชรบุรีตัดใหม่ แขวงมักกะสัน เขตราชเทวี กรุงเทพฯ 10400', '23.noop@gmail.com', '0902020202', 2, '18582064720190518_223415.jpg', 'กสิกรไทย', '5431535463', '2019-05-18', 2670.50, '', '2019-05-18 15:34:15'),
(000045, 15, 'วงศ์กุศลกิจ', ' ถ.เพชรบุรีตัดใหม่ แขวงมักกะสัน เขตราชเทวี กรุงเทพฯ 10400', '23.noop@gmail.com', '0902020202', 4, '', '', '', '0000-00-00', 0.00, '', '2019-05-25 13:54:58'),
(000046, 14, 'เบญจรงคกุล', '256/344 หมู่ 4 ถนนรามคำแหง ตำบลคลองกุ่ม อำเภอบึงกุ่ม กรุงเทพมหานคร 12400', '23.noop@gmail.com', '0902020202', 4, '', '', '', '0000-00-00', 0.00, '', '2019-06-02 06:31:27'),
(000047, 14, 'เบญจรงคกุล', '256/344 หมู่ 4 ถนนรามคำแหง ตำบลคลองกุ่ม อำเภอบึงกุ่ม กรุงเทพมหานคร 12400', '23.noop@gmail.com', '0902020202', 4, '69434152620190602_131440.jpg', 'กสิกรไทย', '5431535463', '2019-06-02', 7085.00, '', '2019-06-02 07:37:45'),
(000048, 14, 'เบญจรงคกุล', '256/344 หมู่ 4 ถนนรามคำแหง ตำบลคลองกุ่ม อำเภอบึงกุ่ม กรุงเทพมหานคร 12400', '23.noop@gmail.com', '0902020202', 4, '', '', '', '0000-00-00', 0.00, '', '2019-06-02 07:44:13'),
(000049, 14, 'เบญจรงคกุล', '256/344 หมู่ 4 ถนนรามคำแหง ตำบลคลองกุ่ม อำเภอบึงกุ่ม กรุงเทพมหานคร 12400', '23.noop@gmail.com', '0902020202', 4, '', '', '', '0000-00-00', 0.00, '', '2019-06-02 07:50:22');

-- --------------------------------------------------------

--
-- Table structure for table `tbl_order_detail`
--

CREATE TABLE `tbl_order_detail` (
  `d_id` int(11) NOT NULL,
  `order_id` int(11) NOT NULL,
  `p_id` int(11) NOT NULL,
  `p_name` varchar(200) DEFAULT NULL,
  `p_c_qty` int(11) NOT NULL,
  `total` float(10,2) NOT NULL
) ENGINE=InnoDB DEFAULT CHARSET=utf8;

--
-- Dumping data for table `tbl_order_detail`
--

INSERT INTO `tbl_order_detail` (`d_id`, `order_id`, `p_id`, `p_name`, `p_c_qty`, `total`) VALUES
(11, 6, 44, 'หมวกหนังวัวแท้ Quinn Hat Coffee ', 1, 2981.15),
(12, 6, 40, 'แจ็คเก็ตหนังPU สำหรับ Biker', 1, 6033.15),
(13, 7, 47, 'รองเท้าหนังแท้ Chilling Loafer Brown', 1, 4681.55),
(14, 8, 37, 'กระเป๋าสตางค์ Wallet Easy-S Black', 1, 1891.15),
(15, 9, 45, 'กระเป๋าใส่พวงกุญแจหนัง Gaston Blue', 1, 1782.15),
(16, 11, 73, 'รองเท้าหนัง LSW02 ไซส์ 42', 1, 2670.50),
(17, 12, 74, 'รองเท้าหนังLSW03 ไซส์ 41', 10, 26705.00),
(18, 12, 75, 'รองเท้าหนัง LSW04 ไซส์ 42', 6, 16023.00),
(19, 13, 73, 'รองเท้าหนัง LSW02 ไซส์ 42', 3, 8011.50),
(20, 13, 74, 'รองเท้าหนังLSW03 ไซส์ 41', 2, 5341.00),
(21, 13, 67, 'รองเท้าหนัง LSSO04 ไซส์ 40', 5, 13897.50),
(22, 13, 65, 'รองเท้าหนัง LSSO02 ไซส์ 34', 3, 8338.50),
(23, 13, 60, 'รองเท้าหนัง LSR08 ไซส์ 43', 5, 13897.50),
(24, 14, 67, 'รองเท้าหนัง LSSO04 ไซส์ 40', 4, 11118.00),
(25, 14, 54, 'รองเท้าหนัง LSR02 ไซส์ 43', 5, 13352.50),
(26, 14, 84, 'เข็มขัดหนัง LBE06', 5, 7902.50),
(27, 14, 78, 'กระเป๋าสตางค์ LBAW04', 4, 6758.00),
(28, 14, 77, 'กระเป๋าสตางค์ LBAW03', 4, 6758.00),
(29, 15, 73, 'รองเท้าหนัง LSW02 ไซส์ 42', 5, 13352.50),
(30, 15, 69, 'รองเท้าหนัง LSSO06 ไซส์ 41', 6, 16677.00),
(31, 15, 72, 'รองเท้าหนัง LSW01 ไซส์ 40', 5, 13352.50),
(32, 15, 68, 'รองเท้าหนัง LSSO05 ไซส์ 37', 6, 16023.00),
(33, 15, 54, 'รองเท้าหนัง LSR02 ไซส์ 43', 4, 10682.00),
(34, 15, 71, 'รองเท้าหนัง LSSO08 ไซส์ 39', 6, 16023.00),
(35, 15, 64, 'รองเท้าหนัง LSSO01 ไซส์ 44', 5, 13352.50),
(36, 15, 61, 'รองเท้าหนัง LSR09 ไซส์ 36', 4, 10682.00),
(37, 15, 59, 'รองเท้าหนัง LSR07 ไซส์ 41', 4, 11118.00),
(38, 15, 81, 'เข็มขัดหนัง LBE03', 4, 6758.00),
(39, 16, 78, 'กระเป๋าสตางค์ LBAW04', 3, 5068.50),
(40, 16, 77, 'กระเป๋าสตางค์ LBAW03', 4, 6758.00),
(41, 16, 76, 'กระเป๋าสตางค์ LBAW02', 4, 6758.00),
(42, 16, 81, 'เข็มขัดหนัง LBE03', 5, 8447.50),
(43, 16, 61, 'รองเท้าหนัง LSR09 ไซส์ 36', 5, 13352.50),
(44, 17, 74, 'รองเท้าหนังLSW03 ไซส์ 41', 2, 5341.00),
(45, 17, 57, 'รองเท้าหนัง LSR05 ไซส์ 41', 3, 8338.50),
(46, 17, 68, 'รองเท้าหนัง LSSO05 ไซส์ 37', 4, 10682.00),
(47, 17, 58, 'รองเท้าหนัง LSR06 ไซส์ 43', 5, 13897.50),
(48, 17, 56, 'รองเท้าหนัง LSR04 ไซส์ 40', 3, 8338.50),
(49, 18, 73, 'รองเท้าหนัง LSW02 ไซส์ 42', 5, 13352.50),
(50, 18, 75, 'รองเท้าหนัง LSW04 ไซส์ 42', 7, 18693.50),
(51, 18, 58, 'รองเท้าหนัง LSR06 ไซส์ 43', 5, 13897.50),
(52, 18, 57, 'รองเท้าหนัง LSR05 ไซส์ 41', 4, 11118.00),
(53, 18, 55, 'รองเท้าหนัง LSR03 ไซส์ 42', 6, 16677.00),
(54, 18, 76, 'กระเป๋าสตางค์ LBAW02', 5, 8447.50),
(55, 18, 59, 'รองเท้าหนัง LSR07 ไซส์ 41', 5, 13897.50),
(56, 19, 73, 'รองเท้าหนัง LSW02 ไซส์ 42', 1, 2670.50),
(57, 20, 65, 'รองเท้าหนัง LSSO02 ไซส์ 34', 1, 2779.50),
(58, 20, 84, 'เข็มขัดหนัง LBE06', 2, 3161.00),
(59, 21, 64, 'รองเท้าหนัง LSSO01 ไซส์ 44', 3, 8011.50),
(60, 21, 65, 'รองเท้าหนัง LSSO02 ไซส์ 34', 1, 2779.50),
(61, 21, 58, 'รองเท้าหนัง LSR06 ไซส์ 43', 2, 5559.00),
(62, 22, 83, 'เข็มขัดหนัง LBE05', 1, 1580.50),
(63, 22, 71, 'รองเท้าหนัง LSSO08 ไซส์ 39', 3, 8011.50),
(64, 22, 70, 'รองเท้าหนัง LSSO07 ไซส์ 38', 1, 2670.50),
(65, 23, 64, 'รองเท้าหนัง LSSO01 ไซส์ 44', 1, 2670.50),
(66, 23, 69, 'รองเท้าหนัง LSSO06 ไซส์ 41', 1, 2779.50),
(67, 23, 74, 'รองเท้าหนังLSW03 ไซส์ 41', 1, 2670.50),
(68, 23, 73, 'รองเท้าหนัง LSW02 ไซส์ 42', 1, 2670.50),
(69, 24, 61, 'รองเท้าหนัง LSR09 ไซส์ 36', 1, 2670.50),
(70, 24, 70, 'รองเท้าหนัง LSSO07 ไซส์ 38', 1, 2670.50),
(71, 24, 66, 'รองเท้าหนัง LSSO03 ไซส์ 36', 1, 2670.50),
(72, 24, 59, 'รองเท้าหนัง LSR07 ไซส์ 41', 1, 2779.50),
(73, 24, 55, 'รองเท้าหนัง LSR03 ไซส์ 42', 1, 2779.50),
(74, 24, 82, 'เข็มขัดหนัง LBE04', 1, 1580.50),
(75, 24, 84, 'เข็มขัดหนัง LBE06', 1, 1580.50),
(76, 25, 77, 'กระเป๋าสตางค์ LBAW03', 1, 1689.50),
(77, 25, 78, 'กระเป๋าสตางค์ LBAW04', 2, 3379.00),
(78, 26, 79, 'เข็มขัดหนัง LBE01', 1, 1689.50),
(79, 26, 80, 'เข็มขัดหนัง LBE02', 1, 1689.50),
(80, 26, 71, 'รองเท้าหนัง LSSO08 ไซส์ 39', 1, 2670.50),
(81, 27, 64, 'รองเท้าหนัง LSSO01 ไซส์ 44', 1, 2670.50),
(82, 27, 66, 'รองเท้าหนัง LSSO03 ไซส์ 36', 1, 2670.50),
(83, 27, 59, 'รองเท้าหนัง LSR07 ไซส์ 41', 1, 2779.50),
(84, 27, 60, 'รองเท้าหนัง LSR08 ไซส์ 43', 1, 2779.50),
(85, 28, 75, 'รองเท้าหนัง LSW04 ไซส์ 42', 1, 2670.50),
(86, 28, 64, 'รองเท้าหนัง LSSO01 ไซส์ 44', 2, 5341.00),
(87, 28, 73, 'รองเท้าหนัง LSW02 ไซส์ 42', 1, 2670.50),
(88, 29, 74, 'รองเท้าหนังLSW03 ไซส์ 41', 1, 2670.50),
(89, 29, 75, 'รองเท้าหนัง LSW04 ไซส์ 42', 1, 2670.50),
(90, 29, 69, 'รองเท้าหนัง LSSO06 ไซส์ 41', 1, 2779.50),
(91, 29, 67, 'รองเท้าหนัง LSSO04 ไซส์ 40', 1, 2779.50),
(92, 30, 62, 'รองเท้าหนัง LSSK01 ไซส์ 35', 1, 2779.50),
(93, 30, 57, 'รองเท้าหนัง LSR05 ไซส์ 41', 1, 2779.50),
(94, 30, 55, 'รองเท้าหนัง LSR03 ไซส์ 42', 1, 2779.50),
(95, 30, 84, 'เข็มขัดหนัง LBE06', 1, 1580.50),
(96, 31, 73, 'รองเท้าหนัง LSW02 ไซส์ 42', 1, 2670.50),
(97, 31, 58, 'รองเท้าหนัง LSR06 ไซส์ 43', 1, 2779.50),
(98, 31, 76, 'กระเป๋าสตางค์ LBAW02', 1, 1689.50),
(99, 31, 79, 'เข็มขัดหนัง LBE01', 1, 1689.50),
(100, 32, 75, 'รองเท้าหนัง LSW04 ไซส์ 42', 1, 2670.50),
(101, 32, 65, 'รองเท้าหนัง LSSO02 ไซส์ 34', 1, 2779.50),
(102, 32, 54, 'รองเท้าหนัง LSR02 ไซส์ 43', 1, 2670.50),
(103, 32, 53, 'รองเท้าหนัง LSR01 ไซส์ 40', 1, 2779.50),
(104, 33, 73, 'รองเท้าหนัง LSW02 ไซส์ 42', 1, 2670.50),
(105, 33, 67, 'รองเท้าหนัง LSSO04 ไซส์ 40', 1, 2779.50),
(106, 33, 68, 'รองเท้าหนัง LSSO05 ไซส์ 37', 1, 2670.50),
(107, 33, 78, 'กระเป๋าสตางค์ LBAW04', 1, 1689.50),
(108, 33, 77, 'กระเป๋าสตางค์ LBAW03', 1, 1689.50),
(109, 34, 73, 'รองเท้าหนัง LSW02 ไซส์ 42', 1, 2670.50),
(110, 34, 74, 'รองเท้าหนังLSW03 ไซส์ 41', 1, 2670.50),
(111, 34, 75, 'รองเท้าหนัง LSW04 ไซส์ 42', 1, 2670.50),
(112, 35, 73, 'รองเท้าหนัง LSW02 ไซส์ 42', 1, 2670.50),
(113, 35, 80, 'เข็มขัดหนัง LBE02', 1, 1689.50),
(114, 35, 76, 'กระเป๋าสตางค์ LBAW02', 1, 1689.50),
(115, 36, 74, 'รองเท้าหนังLSW03 ไซส์ 41', 1, 2670.50),
(116, 36, 73, 'รองเท้าหนัง LSW02 ไซส์ 42', 1, 2670.50),
(117, 36, 57, 'รองเท้าหนัง LSR05 ไซส์ 41', 1, 2779.50),
(118, 36, 60, 'รองเท้าหนัง LSR08 ไซส์ 43', 1, 2779.50),
(119, 36, 69, 'รองเท้าหนัง LSSO06 ไซส์ 41', 1, 2779.50),
(120, 36, 79, 'เข็มขัดหนัง LBE01', 1, 1689.50),
(121, 37, 73, 'รองเท้าหนัง LSW02 ไซส์ 42', 1, 2670.50),
(122, 37, 75, 'รองเท้าหนัง LSW04 ไซส์ 42', 1, 2670.50),
(123, 37, 68, 'รองเท้าหนัง LSSO05 ไซส์ 37', 1, 2670.50),
(124, 37, 66, 'รองเท้าหนัง LSSO03 ไซส์ 36', 1, 2670.50),
(125, 38, 73, 'รองเท้าหนัง LSW02 ไซส์ 42', 1, 2670.50),
(126, 38, 63, 'รองเท้าหนัง LSSK02 ไซส์ 40', 1, 2779.50),
(127, 39, 63, 'รองเท้าหนัง LSSK02 ไซส์ 40', 1, 2779.50),
(128, 39, 59, 'รองเท้าหนัง LSR07 ไซส์ 41', 1, 2779.50),
(129, 39, 53, 'รองเท้าหนัง LSR01 ไซส์ 40', 1, 2779.50),
(130, 39, 79, 'เข็มขัดหนัง LBE01', 1, 1689.50),
(131, 40, 73, 'รองเท้าหนัง LSW02 ไซส์ 42', 1, 2670.50),
(132, 40, 75, 'รองเท้าหนัง LSW04 ไซส์ 42', 1, 2670.50),
(133, 40, 72, 'รองเท้าหนัง LSW01 ไซส์ 40', 1, 2670.50),
(134, 40, 56, 'รองเท้าหนัง LSR04 ไซส์ 40', 1, 2779.50),
(135, 41, 78, 'กระเป๋าสตางค์ LBAW04', 1, 1689.50),
(136, 41, 76, 'กระเป๋าสตางค์ LBAW02', 1, 1689.50),
(137, 41, 67, 'รองเท้าหนัง LSSO04 ไซส์ 40', 1, 2779.50),
(138, 41, 53, 'รองเท้าหนัง LSR01 ไซส์ 40', 1, 2779.50),
(139, 42, 63, 'รองเท้าหนัง LSSK02 ไซส์ 40', 1, 2779.50),
(140, 42, 62, 'รองเท้าหนัง LSSK01 ไซส์ 35', 1, 2779.50),
(141, 42, 56, 'รองเท้าหนัง LSR04 ไซส์ 40', 1, 2779.50),
(142, 42, 76, 'กระเป๋าสตางค์ LBAW02', 1, 1689.50),
(143, 42, 82, 'เข็มขัดหนัง LBE04', 1, 1580.50),
(144, 43, 71, 'รองเท้าหนัง LSSO08 ไซส์ 39', 1, 2670.50),
(145, 43, 73, 'รองเท้าหนัง LSW02 ไซส์ 42', 3, 8011.50),
(146, 43, 75, 'รองเท้าหนัง LSW04 ไซส์ 42', 1, 2670.50),
(147, 43, 69, 'รองเท้าหนัง LSSO06 ไซส์ 41', 1, 2779.50),
(148, 43, 60, 'รองเท้าหนัง LSR08 ไซส์ 43', 1, 2779.50),
(149, 44, 73, 'รองเท้าหนัง LSW02 ไซส์ 42', 1, 2670.50),
(150, 45, 75, 'รองเท้าหนัง LSW04 ไซส์ 42', 1, 2670.50),
(151, 46, 75, 'รองเท้าหนัง LSW04 ไซส์ 42', 1, 2670.50),
(152, 47, 71, 'รองเท้าหนัง LSSO08 ไซส์ 39', 1, 2670.50),
(153, 47, 76, 'กระเป๋าสตางค์ LBAW02', 1, 1689.50),
(154, 48, 67, 'รองเท้าหนัง LSSO04 ไซส์ 40', 2, 5559.00),
(155, 48, 69, 'รองเท้าหนัง LSSO06 ไซส์ 41', 1, 2779.50),
(156, 49, 69, 'รองเท้าหนัง LSSO06 ไซส์ 41', 1, 2779.50),
(157, 49, 72, 'รองเท้าหนัง LSW01 ไซส์ 40', 1, 2670.50);

-- --------------------------------------------------------

--
-- Table structure for table `tbl_product`
--

CREATE TABLE `tbl_product` (
  `p_id` int(11) NOT NULL,
  `t_id` int(11) NOT NULL,
  `p_name` varchar(200) NOT NULL,
  `p_detial` text NOT NULL,
  `p_price` float(10,2) NOT NULL,
  `p_unit` varchar(20) NOT NULL,
  `p_img1` varchar(200) NOT NULL,
  `p_img2` varchar(100) DEFAULT NULL,
  `p_img3` varchar(200) NOT NULL,
  `p_img4` varchar(200) NOT NULL,
  `p_img5` varchar(200) NOT NULL,
  `p_view` int(11) NOT NULL,
  `p_qty` int(11) DEFAULT NULL,
  `p_size` varchar(50) NOT NULL,
  `p_ems` int(50) NOT NULL,
  `promo` float(10,2) NOT NULL,
  `date_save` timestamp NULL DEFAULT CURRENT_TIMESTAMP ON UPDATE CURRENT_TIMESTAMP
) ENGINE=MyISAM DEFAULT CHARSET=utf8;

--
-- Dumping data for table `tbl_product`
--

INSERT INTO `tbl_product` (`p_id`, `t_id`, `p_name`, `p_detial`, `p_price`, `p_unit`, `p_img1`, `p_img2`, `p_img3`, `p_img4`, `p_img5`, `p_view`, `p_qty`, `p_size`, `p_ems`, `promo`, `date_save`) VALUES
(82, 13, 'เข็มขัดหนัง LBE04', '<p>ผลิตจากหนังวัวแท้</p>\r\n\r\n<p>ทนทาน ใช้งานได้นาน</p>\r\n\r\n<p>ตัวล็อคแน่นหนา ไม่หลุดง่าย</p>\r\n\r\n<p>ขนาดยาวพอเหมาะ<br />\r\n&nbsp;</p>\r\n', 1400.00, 'ชิ้น', 'img148022928620181111_165430.jpg', 'img248022928620181111_165430.jpg', '', '', '', 0, 22, '0', 50, 0.00, '2019-05-27 13:42:44'),
(83, 13, 'เข็มขัดหนัง LBE05', '<p>ผลิตจากหนังวัวแท้</p>\r\n\r\n<p>ทนทาน ใช้งานได้นาน</p>\r\n\r\n<p>ตัวล็อคแน่นหนา ไม่หลุดง่าย</p>\r\n\r\n<p>ขนาดยาวพอเหมาะ<br />\r\n&nbsp;</p>\r\n', 1400.00, 'ชิ้น', 'img1184492184620181111_165516.jpg', 'img2184492184620181111_165516.jpg', '', '', '', 0, 24, '0', 50, 0.00, '2018-12-02 13:22:44'),
(84, 13, 'เข็มขัดหนัง LBE06', '<p>ผลิตจากหนังวัวแท้</p>\r\n\r\n<p>ทนทาน ใช้งานได้นาน</p>\r\n\r\n<p>ตัวล็อคแน่นหนา ไม่หลุดง่าย</p>\r\n\r\n<p>ขนาดยาวพอเหมาะ<br />\r\n&nbsp;</p>\r\n', 1400.00, 'ชิ้น', 'img173474011320181111_165611.jpg', 'img273474011320181111_165611.jpg', '', '', '', 0, 60, '0', 50, 0.00, '2019-05-17 13:06:59'),
(78, 10, 'กระเป๋าสตางค์ LBAW04', '<p>กระเป๋าสตางค์ เป็นงาน Handmade</p>\r\n\r\n<p>ผลิตจากหนังวัวแท้</p>\r\n\r\n<p>กระเป๋าเป็นทรงแนวตั้ง</p>\r\n\r\n<p>สามารถใส่ การ์ด นามบัตร บัตรต่าง ๆ ได้</p>\r\n', 1500.00, 'ใบ', 'img1108101225620181111_163948.jpg', 'img2108101225620181111_163948.jpg', '', '', '', 0, 19, '0', 50, 0.00, '2018-12-02 13:49:35'),
(79, 13, 'เข็มขัดหนัง LBE01', '<p>ผลิตจากหนังวัวแท้</p>\r\n\r\n<p>ทนทาน ใช้งานได้นาน</p>\r\n\r\n<p>ตัวล็อคแน่นหนา ไม่หลุดง่าย</p>\r\n\r\n<p>ขนาดยาวพอเหมาะ<br />\r\n&nbsp;</p>\r\n', 1500.00, 'ชิ้น', 'img1152428098520181111_165052.jpg', 'img2152428098520181111_165052.jpg', '', '', '', 0, 20, '0', 50, 0.00, '2018-12-02 13:47:33'),
(80, 13, 'เข็มขัดหนัง LBE02', '<p>ผลิตจากหนังวัวแท้</p>\r\n\r\n<p>ทนทาน ใช้งานได้นาน</p>\r\n\r\n<p>ตัวล็อคแน่นหนา ไม่หลุดง่าย</p>\r\n\r\n<p>ขนาดยาวพอเหมาะ<br />\r\n&nbsp;</p>\r\n', 1500.00, 'ชิ้น', 'img1153714357220181111_165203.jpg', 'img2153714357220181111_165203.jpg', '', '', '', 0, 32, '0', 50, 0.00, '2018-12-02 13:44:16'),
(81, 13, 'เข็มขัดหนัง LBE03', '<p>ผลิตจากหนังวัวแท้</p>\r\n\r\n<p>ทนทาน ใช้งานได้นาน</p>\r\n\r\n<p>ตัวล็อคแน่นหนา ไม่หลุดง่าย</p>\r\n\r\n<p>ขนาดยาวพอเหมาะ<br />\r\n </p>\r\n', 1500.00, 'ชิ้น', 'img119277948120181111_165317.jpg', 'img219277948120181111_165317.jpg', '', '', '', 0, 24, '0', 50, 0.00, '2019-05-27 13:43:49'),
(76, 10, 'กระเป๋าสตางค์ LBAW02', '<p>กระเป๋าสตางค์ เป็นงาน Handmade</p>\r\n\r\n<p>ผลิตจากหนังวัวแท้</p>\r\n\r\n<p>กระเป๋าเป็นทรงแนวนอน</p>\r\n\r\n<p>สามารถใส่ การ์ด นามบัตร บัตรต่าง ๆ ได้</p>\r\n', 1500.00, 'ใบ', 'img139867733220181111_163201.jpg', 'img239867733220181111_163201.jpg', '', '', '', 3, 18, '0', 50, 0.00, '2019-06-02 07:37:45'),
(77, 10, 'กระเป๋าสตางค์ LBAW03', '<p>กระเป๋าสตางค์ เป็นงาน Handmade</p>\r\n\r\n<p>ผลิตจากหนังวัวแท้</p>\r\n\r\n<p>กระเป๋าเป็นทรงแนวนอน</p>\r\n\r\n<p>สามารถใส่ การ์ด นามบัตร บัตรต่าง ๆ ได้</p>\r\n', 1500.00, 'ใบ', 'img1191191296620181111_163609.jpg', 'img2191191296620181111_163609.jpg', '', '', '', 1, 20, '0', 50, 0.00, '2018-12-02 13:42:53'),
(73, 14, 'รองเท้าหนัง LSW02 ไซส์ 42', '<p>ตัวรองเท้าเป็นงาน Handmade</p>\r\n\r\n<p>น้ำหนักกำลังดีไม่หนัก ไม่เบาเกินไป</p>\r\n\r\n<p>ผลิตจากหนังวัวแท้ 100%</p>\r\n\r\n<p>สวมใส่สบาย</p>\r\n', 2400.00, 'คู่', 'img197919774120181111_162028.jpg', 'img297919774120181111_162028.jpg', 'img397919774120181111_162028.jpg', 'img497919774120181111_162028.jpg', '', 1, 23, '42', 50, 0.00, '2019-05-18 15:27:31'),
(74, 14, 'รองเท้าหนังLSW03 ไซส์ 41', '<p>ตัวรองเท้าเป็นงาน Handmade</p>\r\n\r\n<p>น้ำหนักกำลังดีไม่หนัก ไม่เบาเกินไป</p>\r\n\r\n<p>ผลิตจากหนังวัวแท้ 100%</p>\r\n\r\n<p>สวมใส่สบาย</p>\r\n', 2400.00, 'คู่', 'img18022966520181111_162154.jpg', 'img28022966520181111_162154.jpg', 'img38022966520181111_162154.jpg', 'img48022966520181111_162154.jpg', '', 5, 12, '41', 50, 0.00, '2018-12-02 13:45:01'),
(75, 14, 'รองเท้าหนัง LSW04 ไซส์ 42', '<p>ตัวรองเท้าเป็นงาน Handmade</p>\r\n\r\n<p>น้ำหนักกำลังดีไม่หนัก ไม่เบาเกินไป</p>\r\n\r\n<p>ผลิตจากหนังวัวแท้ 100%</p>\r\n\r\n<p>สวมใส่สบาย</p>\r\n', 2400.00, 'ชิ้น', 'img1208176296620181111_162343.jpg', 'img2208176296620181111_162343.jpg', 'img3208176296620181111_162343.jpg', 'img4208176296620181111_162343.jpg', '', 0, 37, '42', 50, 0.00, '2019-06-02 06:31:27'),
(71, 14, 'รองเท้าหนัง LSSO08 ไซส์ 39', '<p>ตัวรองเท้าเป็นงาน Handmade</p>\r\n\r\n<p>น้ำหนักกำลังดีไม่หนัก ไม่เบาเกินไป</p>\r\n\r\n<p>ผลิตจากหนังวัวแท้ 100%</p>\r\n\r\n<p>สวมใส่สบาย</p>\r\n', 2400.00, 'คู่', 'img193340183520181111_161718.jpg', 'img293340183520181111_161718.jpg', 'img393340183520181111_161718.jpg', 'img493340183520181111_161718.jpg', '', 1, 36, '39', 50, 0.00, '2019-06-02 07:37:45'),
(72, 14, 'รองเท้าหนัง LSW01 ไซส์ 40', '<p>ตัวรองเท้าเป็นงาน Handmade</p>\r\n\r\n<p>น้ำหนักกำลังดีไม่หนัก ไม่เบาเกินไป</p>\r\n\r\n<p>ผลิตจากหนังวัวแท้ 100%</p>\r\n\r\n<p>สวมใส่สบาย</p>\r\n', 2400.00, 'คู่', 'img1128175334120181111_161847.jpg', 'img2128175334120181111_161847.jpg', 'img3128175334120181111_161847.jpg', 'img4128175334120181111_161847.jpg', '', 2, 15, '40', 50, 0.00, '2019-06-02 07:50:22'),
(69, 14, 'รองเท้าหนัง LSSO06 ไซส์ 41', '<p>ตัวรองเท้าเป็นงาน Handmade</p>\r\n\r\n<p>น้ำหนักกำลังดีไม่หนัก ไม่เบาเกินไป</p>\r\n\r\n<p>ผลิตจากหนังวัวแท้ 100%</p>\r\n\r\n<p>สวมใส่สบาย<br />\r\n </p>\r\n', 2500.00, 'คู่', 'img129136629120181111_160843.jpg', 'img229136629120181111_160843.jpg', 'img329136629120181111_160843.jpg', 'img429136629120181111_160843.jpg', '', 1, 9, '41', 50, 0.00, '2019-06-02 07:50:22'),
(70, 14, 'รองเท้าหนัง LSSO07 ไซส์ 38', '<p>ตัวรองเท้าเป็นงาน Handmade</p>\r\n\r\n<p>น้ำหนักกำลังดีไม่หนัก ไม่เบาเกินไป</p>\r\n\r\n<p>ผลิตจากหนังวัวแท้ 100%</p>\r\n\r\n<p>สวมใส่สบาย</p>\r\n', 2400.00, 'คู่', 'img117100580620181111_161330.jpg', 'img217100580620181111_161330.jpg', 'img317100580620181111_161330.jpg', 'img417100580620181111_161330.jpg', '', 15, 10, '38', 50, 0.00, '2018-12-02 13:24:30'),
(67, 14, 'รองเท้าหนัง LSSO04 ไซส์ 40', '<p>ตัวรองเท้าเป็นงาน Handmade</p>\r\n\r\n<p>น้ำหนักกำลังดีไม่หนัก ไม่เบาเกินไป</p>\r\n\r\n<p>ผลิตจากหนังวัวแท้ 100%</p>\r\n\r\n<p>สวมใส่สบาย</p>\r\n', 2500.00, 'คู่', 'img1157581415720181111_155734.jpg', 'img2157581415720181111_155734.jpg', 'img3157581415720181111_155734.jpg', 'img4157581415720181111_155734.jpg', '', 0, 9, '40', 50, 0.00, '2019-06-02 07:44:13'),
(68, 14, 'รองเท้าหนัง LSSO05 ไซส์ 37', '<p>ตัวรองเท้าเป็นงาน Handmade</p>\r\n\r\n<p>น้ำหนักกำลังดีไม่หนัก ไม่เบาเกินไป</p>\r\n\r\n<p>ผลิตจากหนังวัวแท้ 100%</p>\r\n\r\n<p>สวมใส่สบาย</p>\r\n', 2400.00, 'คู่', 'img151365872820181111_160100.jpg', 'img251365872820181111_160100.jpg', 'img351365872820181111_160100.jpg', 'img451365872820181111_160100.jpg', '', 0, 32, '37', 50, 0.00, '2018-12-02 13:45:51'),
(64, 14, 'รองเท้าหนัง LSSO01 ไซส์ 44', '<p>ตัวรองเท้าเป็นงาน Handmade</p>\r\n\r\n<p>น้ำหนักกำลังดีไม่หนัก ไม่เบาเกินไป</p>\r\n\r\n<p>ตกแต่งด้วยตะเข็บกลางรองเท้า<br />\r\nผลิตจากหนังวัวแท้ 100%</p>\r\n\r\n<p>สวมใส่สบาย</p>\r\n', 2400.00, 'คู่', 'img1111777089920181111_154717.jpg', 'img2111777089920181111_154717.jpg', 'img3111777089920181111_154717.jpg', 'img4111777089920181111_154717.jpg', '', 19, 8, '44', 50, 0.00, '2018-12-02 13:37:58'),
(65, 14, 'รองเท้าหนัง LSSO02 ไซส์ 34', '<p>ตัวรองเท้าเป็นงาน Handmade</p>\r\n\r\n<p>น้ำหนักกำลังดีไม่หนัก ไม่เบาเกินไป</p>\r\n\r\n<p>ผลิตจากหนังวัวแท้ 100%</p>\r\n\r\n<p>สวมใส่สบาย</p>\r\n', 2500.00, 'คู่', 'img1102694049820181111_155205.jpg', 'img2102694049820181111_155205.jpg', 'img3102694049820181111_155205.jpg', 'img4102694049820181111_155205.jpg', '', 25, 54, '34', 50, 0.00, '2018-12-02 13:42:00'),
(66, 14, 'รองเท้าหนัง LSSO03 ไซส์ 36', '<p>ตัวรองเท้าเป็นงาน Handmade</p>\r\n\r\n<p>น้ำหนักกำลังดีไม่หนัก ไม่เบาเกินไป</p>\r\n\r\n<p>ผลิตจากหนังวัวแท้ 100%</p>\r\n\r\n<p>สวมใส่สบาย</p>\r\n', 2400.00, 'คู่', 'img176511124620181111_155426.jpg', 'img276511124620181111_155426.jpg', 'img376511124620181111_155426.jpg', 'img476511124620181111_155426.jpg', '', 0, 39, '36', 50, 0.00, '2018-12-02 13:45:51'),
(63, 14, 'รองเท้าหนัง LSSK02 ไซส์ 40', '<p>ตัวรองเท้าเป็นงาน Handmade</p>\r\n\r\n<p>น้ำหนักกำลังดีไม่หนัก ไม่เบาเกินไป<br />\r\nผลิตจากหนังวัวแท้ 100%</p>\r\n\r\n<p>สวมใส่สบาย</p>\r\n', 2500.00, 'คู่', 'img189084204820181111_154216.jpg', 'img289084204820181111_154216.jpg', 'img389084204820181111_154216.jpg', 'img489084204820181111_154216.jpg', '', 1, 24, '35', 50, 0.00, '2018-12-02 13:50:58'),
(61, 14, 'รองเท้าหนัง LSR09 ไซส์ 36', '<p>ตัวรองเท้าเป็นงาน Handmade</p>\r\n\r\n<p>น้ำหนักกำลังดีไม่หนัก ไม่เบาเกินไป</p>\r\n\r\n<p>ลิตจากหนังวัวแท้ 100%</p>\r\n\r\n<p>สวมใส่สบาย<br />\r\n&nbsp;</p>\r\n', 2400.00, 'ชิ้น', 'img1150999665520181111_153331.jpg', 'img2150999665520181111_153331.jpg', 'img3150999665520181111_153331.jpg', 'img4150999665520181111_153331.jpg', '', 1, 32, '36', 50, 0.00, '2018-12-02 13:24:30'),
(62, 14, 'รองเท้าหนัง LSSK01 ไซส์ 35', '<p>ตัวรองเท้าเป็นงาน Handmade</p>\r\n\r\n<p>น้ำหนักกำลังดีไม่หนัก ไม่เบาเกินไป</p>\r\n\r\n<p>ผลิตจากหนังวัวแท้ 100%</p>\r\n\r\n<p>สวมใส่สบาย</p>\r\n', 2500.00, 'คู่', 'img110121828520181111_153940.jpg', 'img210121828520181111_153940.jpg', 'img310121828520181111_153940.jpg', 'img410121828520181111_153940.jpg', '', 2, 35, '35', 50, 0.00, '2018-12-02 13:50:58'),
(58, 14, 'รองเท้าหนัง LSR06 ไซส์ 43', '<p>ตัวรองเท้าเป็นงาน Handmade</p>\r\n\r\n<p>น้ำหนักกำลังดีไม่หนัก ไม่เบาเกินไป</p>\r\n\r\n<p>ผลิตจากหนังวัวแท้ 100%</p>\r\n\r\n<p>สวมใส่สบาย<br />\r\n&nbsp;</p>\r\n', 2500.00, 'คู่', 'img1186089341220181111_151153.jpg', 'img2186089341220181111_151153.jpg', 'img3186089341220181111_151153.jpg', 'img4186089341220181111_151153.jpg', '', 3, 43, '43', 50, 0.00, '2018-12-02 13:40:53'),
(59, 14, 'รองเท้าหนัง LSR07 ไซส์ 41', '<p>ตัวรองเท้าเป็นงาน Handmade</p>\r\n\r\n<p>น้ำหนักกำลังดีไม่หนัก ไม่เบาเกินไป</p>\r\n\r\n<p>ผลิตจากหนังวัวแท้ 100%</p>\r\n\r\n<p>สวมใส่สบาย<br />\r\n&nbsp;</p>\r\n', 2500.00, 'คู่', 'img1131666085320181111_152457.jpg', 'img2131666085320181111_152457.jpg', 'img3131666085320181111_152457.jpg', 'img4131666085320181111_152457.jpg', '', 0, 20, '41', 50, 0.00, '2018-12-02 13:47:33'),
(60, 14, 'รองเท้าหนัง LSR08 ไซส์ 43', '<p>ตัวรองเท้าเป็นงาน Handmade</p>\r\n\r\n<p>น้ำหนักกำลังดีไม่หนัก ไม่เบาเกินไป</p>\r\n\r\n<p>ผลิตจากหนังวัวแท้ 100%</p>\r\n\r\n<p>สวมใส่สบาย<br />\r\n&nbsp;</p>\r\n', 2500.00, 'คู่', 'img1124005921520181111_152921.jpg', 'img2124005921520181111_152921.jpg', 'img3124005921520181111_152921.jpg', 'img4124005921520181111_152921.jpg', '', 1, 29, '43', 50, 0.00, '2018-12-02 13:51:40'),
(56, 14, 'รองเท้าหนัง LSR04 ไซส์ 40', '<p>ตัวรองเท้าเป็นงาน Handmade</p>\r\n\r\n<p>น้ำหนักกำลังดีไม่หนัก ไม่เบาเกินไป</p>\r\n\r\n<p>ตกแต่งด้วยตะเข็บกลางรองเท้า</p>\r\n\r\n<p>รองเท้าเป็นแบบหุ้มข้อ</p>\r\n\r\n<p>ผลิตจากหนังวัวแท้ 100%</p>\r\n\r\n<p>สวมใส่สบาย<br />\r\n&nbsp;</p>\r\n', 2500.00, 'คู่', 'img1192450910120181111_145209.jpg', 'img2192450910120181111_145209.jpg', 'img3192450910120181111_145209.jpg', 'img4192450910120181111_145209.jpg', '', 0, 30, '40', 50, 0.00, '2018-12-02 13:50:58'),
(57, 14, 'รองเท้าหนัง LSR05 ไซส์ 41', '<p>ตัวรองเท้าเป็นงาน Handmade</p>\r\n\r\n<p>น้ำหนักกำลังดีไม่หนัก ไม่เบาเกินไป</p>\r\n\r\n<p>ตกแต่งด้วยตะเข็บกลางรองเท้า</p>\r\n\r\n<p>ผลิตจากหนังวัวแท้ 100%</p>\r\n\r\n<p>สวมใส่สบาย<br />\r\n&nbsp;</p>\r\n', 2500.00, 'คู่', 'img1163547283320181111_150905.jpg', 'img2163547283320181111_150905.jpg', 'img3163547283320181111_150905.jpg', 'img4163547283320181111_150905.jpg', '', 0, 39, '41', 50, 0.00, '2018-12-02 13:45:01'),
(53, 14, 'รองเท้าหนัง LSR01 ไซส์ 40', '<p>ตัวรองเท้าเป็นงาน Handmade</p>\r\n\r\n<p>น้ำหนักกำลังดีไม่หนัก ไม่เบาเกินไป</p>\r\n\r\n<p>ตกแต่งด้วยตะเข็บกลางรองเท้า</p>\r\n\r\n<p>รองเท้าเป็นแบบหุ้มข้อ</p>\r\n\r\n<p>ผลิตจากหนังวัวแท้ 100%</p>\r\n\r\n<p>สวมใส่สบาย</p>\r\n', 2500.00, 'คู่', 'img175790772020181111_141949.jpg', 'img275790772020181111_141949.jpg', 'img375790772020181111_141949.jpg', 'img475790772020181111_141949.jpg', '', 2, 32, '40', 50, 0.00, '2018-12-02 13:49:35'),
(55, 14, 'รองเท้าหนัง LSR03 ไซส์ 42', '<p>ตัวรองเท้าเป็นงาน Handmade</p>\r\n\r\n<p>น้ำหนักกำลังดีไม่หนัก ไม่เบาเกินไป</p>\r\n\r\n<p>รองเท้าเป็นแบบหุ้มข้อ</p>\r\n\r\n<p>ผลิตจากหนังวัวแท้ 100%</p>\r\n\r\n<p>สวมใส่สบาย<br />\r\n&nbsp;</p>\r\n', 2500.00, 'คู่', 'img197755449320181111_144628.jpg', 'img297755449320181111_144628.jpg', 'img397755449320181111_144628.jpg', 'img497755449320181111_144628.jpg', '', 0, 33, '42', 50, 0.00, '2018-12-02 13:40:02'),
(54, 14, 'รองเท้าหนัง LSR02 ไซส์ 43', '<p>ตัวรองเท้าเป็นงาน Handmade</p>\r\n\r\n<p>น้ำหนักกำลังดีไม่หนัก ไม่เบาเกินไป</p>\r\n\r\n<p>ตกแต่งด้วยตะเข็บกลางรองเท้า</p>\r\n\r\n<p>รองเท้าเป็นแบบหุ้มข้อ</p>\r\n\r\n<p>ผลิตจากหนังวัวแท้ 100%</p>\r\n\r\n<p>สวมใส่สบาย<br />\r\n&nbsp;</p>\r\n', 2400.00, 'คู่', 'img1119883132320181111_142759.jpg', 'img2119883132320181111_142759.jpg', 'img3119883132320181111_142759.jpg', 'img4119883132320181111_142759.jpg', '', 0, 44, '43', 50, 0.00, '2018-12-02 13:42:00');

-- --------------------------------------------------------

--
-- Table structure for table `tbl_sell`
--

CREATE TABLE `tbl_sell` (
  `s_id` int(20) NOT NULL,
  `s_pid` int(11) NOT NULL,
  `s_old` int(11) NOT NULL,
  `s_add` int(11) NOT NULL,
  `s_bill` varchar(200) NOT NULL,
  `s_time` timestamp NOT NULL DEFAULT CURRENT_TIMESTAMP ON UPDATE CURRENT_TIMESTAMP
) ENGINE=InnoDB DEFAULT CHARSET=utf8;

--
-- Dumping data for table `tbl_sell`
--

INSERT INTO `tbl_sell` (`s_id`, `s_pid`, `s_old`, `s_add`, `s_bill`, `s_time`) VALUES
(34, 82, 10, 21, 'imgbill28653885320190527_203201.png', '2019-05-27 13:32:01'),
(35, 82, 10, 12, 'imgbill144100024820190527_204244.png', '2019-05-27 13:42:44'),
(36, 81, 11, 12, 'imgbill45731305220190527_204336.png', '2019-05-27 13:43:36'),
(37, 81, 23, 1, 'imgbill94119160220190527_204349.png', '2019-05-27 13:43:49');

-- --------------------------------------------------------

--
-- Table structure for table `tbl_type`
--

CREATE TABLE `tbl_type` (
  `t_id` int(11) NOT NULL,
  `t_type` varchar(11) NOT NULL,
  `t_name` varchar(100) NOT NULL
) ENGINE=MyISAM DEFAULT CHARSET=utf8;

--
-- Dumping data for table `tbl_type`
--

INSERT INTO `tbl_type` (`t_id`, `t_type`, `t_name`) VALUES
(10, 'WE', 'กระเป๋าสตางค์'),
(13, 'BE', 'เข็มขัดหนังแท้'),
(14, 'HE', 'รองเท้าหนังแท้');

--
-- Indexes for dumped tables
--

--
-- Indexes for table `tbl_admin`
--
ALTER TABLE `tbl_admin`
  ADD PRIMARY KEY (`admin_id`);

--
-- Indexes for table `tbl_bank`
--
ALTER TABLE `tbl_bank`
  ADD PRIMARY KEY (`b_id`);

--
-- Indexes for table `tbl_member`
--
ALTER TABLE `tbl_member`
  ADD PRIMARY KEY (`mem_id`);

--
-- Indexes for table `tbl_order`
--
ALTER TABLE `tbl_order`
  ADD PRIMARY KEY (`order_id`);

--
-- Indexes for table `tbl_order_detail`
--
ALTER TABLE `tbl_order_detail`
  ADD PRIMARY KEY (`d_id`);

--
-- Indexes for table `tbl_product`
--
ALTER TABLE `tbl_product`
  ADD PRIMARY KEY (`p_id`);

--
-- Indexes for table `tbl_sell`
--
ALTER TABLE `tbl_sell`
  ADD PRIMARY KEY (`s_id`);

--
-- Indexes for table `tbl_type`
--
ALTER TABLE `tbl_type`
  ADD PRIMARY KEY (`t_id`);

--
-- AUTO_INCREMENT for dumped tables
--

--
-- AUTO_INCREMENT for table `tbl_admin`
--
ALTER TABLE `tbl_admin`
  MODIFY `admin_id` int(11) NOT NULL AUTO_INCREMENT, AUTO_INCREMENT=35;

--
-- AUTO_INCREMENT for table `tbl_bank`
--
ALTER TABLE `tbl_bank`
  MODIFY `b_id` int(11) NOT NULL AUTO_INCREMENT, AUTO_INCREMENT=5;

--
-- AUTO_INCREMENT for table `tbl_member`
--
ALTER TABLE `tbl_member`
  MODIFY `mem_id` int(11) NOT NULL AUTO_INCREMENT, AUTO_INCREMENT=37;

--
-- AUTO_INCREMENT for table `tbl_order`
--
ALTER TABLE `tbl_order`
  MODIFY `order_id` int(6) UNSIGNED ZEROFILL NOT NULL AUTO_INCREMENT, AUTO_INCREMENT=50;

--
-- AUTO_INCREMENT for table `tbl_order_detail`
--
ALTER TABLE `tbl_order_detail`
  MODIFY `d_id` int(11) NOT NULL AUTO_INCREMENT, AUTO_INCREMENT=158;

--
-- AUTO_INCREMENT for table `tbl_product`
--
ALTER TABLE `tbl_product`
  MODIFY `p_id` int(11) NOT NULL AUTO_INCREMENT, AUTO_INCREMENT=87;

--
-- AUTO_INCREMENT for table `tbl_sell`
--
ALTER TABLE `tbl_sell`
  MODIFY `s_id` int(20) NOT NULL AUTO_INCREMENT, AUTO_INCREMENT=38;

--
-- AUTO_INCREMENT for table `tbl_type`
--
ALTER TABLE `tbl_type`
  MODIFY `t_id` int(11) NOT NULL AUTO_INCREMENT, AUTO_INCREMENT=19;
COMMIT;

/*!40101 SET CHARACTER_SET_CLIENT=@OLD_CHARACTER_SET_CLIENT */;
/*!40101 SET CHARACTER_SET_RESULTS=@OLD_CHARACTER_SET_RESULTS */;
/*!40101 SET COLLATION_CONNECTION=@OLD_COLLATION_CONNECTION */;
